서울시 기준일,서울시 확진자,서울시 추가 확진,서울시 치료중,서울시 퇴원,서울시 추가 퇴원,서울시 사망,전국 기준일,전국 확진,전국 추가 확진,전국 치료중,전국 퇴원,전국 사망
22.04.19,3359097,21819,0,,,4372,22.04.19,16471940,118504,0,,21354
22.04.18,3337282,7345,0,,,4353,22.04.18,16353495,47743,0,,21224
22.04.17,3329937,14805,0,,,4329,22.04.17,16305752,93001,0,,21092
22.04.16,3315132,18118,0,,,4307,22.04.16,16212751,107916,0,,20889
22.04.15,3297020,21450,0,,,4270,22.04.15,16104869,125846,0,,20616
22.04.14,3275574,24976,0,,,4230,22.04.14,15979061,148443,0,,20352
22.04.13,3250603,33076,0,,,4176,22.04.13,15830644,195419,0,,20034
22.04.12,3217532,39518,0,,,4152,22.04.12,15635274,210755,0,,19850
22.04.11,3178037,14247,0,,,4116,22.04.11,15424598,90928,0,,19676
22.04.10,3163790,28901,0,,,4070,22.04.10,15333670,164481,0,,19421
22.04.09,3134889,32320,0,,,4002,22.04.09,15169189,185566,0,,19092
22.04.08,3102577,36212,0,,,3944,22.04.08,14983694,205333,0,,18754
22.04.07,3066376,39888,0,,,3880,22.04.07,14778405,224820,0,,18381
22.04.06,3026503,52430,0,,,3835,22.04.06,14553644,286294,0,,18033
22.04.05,2974084,51500,0,,,3771,22.04.05,14267401,266135,0,,17662
22.04.04,2922636,20894,0,,,3742,22.04.04,14001406,127190,0,,17453
22.04.03,2901742,42109,0,,,3713,22.04.03,13874216,234301,0,,17235
22.04.02,2859633,48673,0,,,3666,22.04.02,13639915,264103,0,,16929
22.04.01,2810973,51717,0,,,3608,22.04.01,13375818,280273,0,,16590
22.03.31,2759294,60131,0,,,3563,22.03.31,13095631,320743,0,,16230
22.03.30,2699163,81824,0,,,3514,22.03.30,12774956,424641,0,,15855
22.03.29,2617360,66079,0,,,3454,22.03.29,12350428,347554,0,,15423
22.03.28,2551327,34190,0,,,3412,22.03.28,12003054,187213,0,,15186
22.03.27,2517137,59151,0,,,3372,22.03.27,11815841,318130,0,,14899
22.03.26,2457986,64026,0,,,3343,22.03.26,11497711,335531,0,,14617
22.03.25,2393995,66943,0,,,3307,22.03.25,11162232,339514,0,,14294
22.03.24,2327080,77770,0,,,3248,22.03.24,10822836,395598,0,,13902
22.03.23,2249310,101133,0,,,3187,22.03.23,10427247,490881,0,,13432
22.03.22,2148186,65033,0,,,3144,22.03.22,9936540,353980,0,,13141
22.03.21,2083188,41078,0,,,3098,22.03.21,9582815,209169,0,,12757
22.03.20,2042110,65870,0,,,3059,22.03.20,9373646,334708,0,,12428
22.03.19,2038438,82132,0,,,3015,22.03.19,9038938,381454,0,,12101
22.03.18,1894113,81997,0,,,2968,22.03.18,8657609,407017,0,,11782
22.03.17,1812116,128375,0,,,2927,22.03.17,8250592,621266,0,,11484
22.03.16,1683745,81395,1306446,374439.0,0.0,2860,22.03.16,7629275,400741,5868950,1749273.0,11052
22.03.15,1602354,66067,1225081,374439.0,0.0,2834,22.03.15,7228550,362338,5468389,1749273.0,10888
22.03.14,1536292,56807,1159061,374439.0,0.0,2792,22.03.14,6866222,309790,5106354,1749273.0,10595
22.03.13,1479502,67814,1102295,374439.0,0.0,2768,22.03.13,6556453,350190,4796785,1749273.0,10395
22.03.12,1411694,80437,1034516,374439.0,20838.0,2739,22.03.12,6206277,383665,4446860,1749273.0,10144
22.03.11,1331263,56603,974969,353601.0,0.0,2693,22.03.11,5822626,282987,4254654,1558097.0,9875
22.03.10,1274661,66859,918399,353601.0,0.0,2661,22.03.10,5539650,327549,4029342,1500662.0,9646
22.03.09,1207803,74222,851572,353601.0,9143.0,2630,22.03.09,5212118,342446,3702016,1500662.0,9440
22.03.08,1133589,37484,786524,344458.0,17185.0,2607,22.03.08,4869691,202721,3426322,1434083.0,9286
22.03.07,1096106,39558,766251,327273.0,0.0,2582,22.03.07,4666977,210716,3350336,1307545.0,9096
22.03.06,1056548,49450,726716,327273.0,0.0,2559,22.03.06,4456264,243628,3139762,1307545.0,8957
22.03.05,1007099,53193,677293,327273.0,6054.0,2533,22.03.05,4212652,254327,2896311,1307545.0,8796
22.03.04,953906,59269,630185,321219.0,6969.0,2502,22.03.04,3958326,266853,2678332,1271414.0,8580
22.03.03,894637,43675,577919,314250.0,10661.0,2468,22.03.03,3691488,198803,2453100,1229994.0,8394
22.03.02,850962,46933,544923,303589.0,0.0,2450,22.03.02,3492686,219241,2317448,1166972.0,8266
22.03.01,804029,27885,498008,303589.0,11429.0,2432,22.03.01,3273449,138993,2098307,1166972.0,8170
22.02.28,776144,27973,481578,292160.0,0.0,2406,22.02.28,3134456,139626,2069129,1057269.0,8058
22.02.27,748173,35351,453643,292160.0,0.0,2370,22.02.27,2994841,163566,1929628,1057269.0,7944
22.02.26,712822,36829,418299,292160.0,4187.0,2363,22.02.26,2831283,166209,1766119,1057269.0,7895
22.02.25,675993,35614,385677,287973.0,3244.0,2343,22.02.25,2665077,165890,1626910,1030384.0,7783
22.02.24,640379,37172,353319,284729.0,3373.0,2331,22.02.24,2499188,170016,1498820,992679.0,7689
22.02.23,603209,41467,319533,281356.0,9078.0,2320,22.02.23,2329182,171452,1352051,969524.0,7607
22.02.22,561744,21807,284506,274931.0,9078.0,2307,22.02.22,2157734,99573,1213335,936891.0,7508
22.02.21,539938,20018,267846,269795.0,9078.0,2297,22.02.21,2058184,95362,1145606,905128.0,7450
22.02.20,519923,22102,249992,267644.0,9078.0,2287,22.02.20,1962837,104829,1063143,892289.0,7405
22.02.19,497821,23193,232332,263206.0,9078.0,2283,22.02.19,1858009,102211,980960,869695.0,7354
22.02.18,474628,25651,214285,258071.0,9078.0,2272,22.02.18,1755806,109831,896155,852368.0,7283
22.02.17,448977,19689,190836,255877.0,9078.0,2264,22.02.17,1645978,93135,797507,841233.0,7238
22.02.16,429289,18879,174289,252743.0,9078.0,2257,22.02.16,1552851,90443,719873,825776.0,7202
22.02.15,410410,12453,158289,249872.0,9078.0,2249,22.02.15,1462421,57177,652253,803005.0,7163
22.02.14,397957,11599,148010,247705.0,9078.0,2242,22.02.14,1405246,54619,606037,792107.0,7102
22.02.13,386358,11824,137213,246908.0,9078.0,2237,22.02.13,1350630,56431,563829,779720.0,7081
22.02.12,374534,13198,128546,243761.0,9078.0,2227,22.02.12,1294205,54941,516487,770673.0,7045
22.02.11,361336,11531,118679,240433.0,9078.0,2224,22.02.11,1239287,53926,477581,754694.0,7012
22.02.10,349805,11875,109359,238229.0,9078.0,2217,22.02.10,1185361,54122,443050,735348.0,6963
22.02.09,337930,11682,102058,233660.0,9078.0,2212,22.02.09,1131248,49567,404678,719627.0,6943
22.02.08,326253,5910,90964,233080.0,9078.0,2209,22.02.08,1081681,36719,399700,675059.0,6922
22.02.07,320343,6888,94136,224002.0,1958.0,2205,22.02.07,1044963,35286,376974,661103.0,6886
22.02.06,313462,7821,89215,222044.0,1554.0,2203,22.02.06,1009688,38691,348194,654621.0,6873
22.02.05,305641,8598,82952,220490.0,1467.0,2199,22.02.05,971018,36362,315365,648795.0,6858
22.02.04,297043,6160,75826,219023.0,2017.0,2194,22.02.04,934656,27443,285775,642045.0,6836
22.02.03,290883,5218,71686,217006.0,1205.0,2191,22.02.03,907214,22907,263242,637160.0,6812
22.02.02,285665,4209,67679,215801.0,756.0,2185,22.02.02,884310,20270,244463,633060.0,6787
22.02.01,281456,4131,64229,215045.0,528.0,2182,22.02.01,864042,18343,227783,629487.0,6772
22.01.31,277325,4193,61226,213919.0,528.0,2180,22.01.31,845709,17085,214196,624758.0,6755
22.01.30,273132,4185,57562,213391.0,800.0,2179,22.01.30,828637,17532,199933,621972.0,6732
22.01.29,268947,4199,54179,212591.0,1409.0,2177,22.01.29,811122,17542,185849,618561.0,6712
22.01.28,264748,3991,51397,211182.0,1567.0,2169,22.01.28,793582,16096,172192,614712.0,6678
22.01.27,260757,3429,48974,209615.0,1259.0,2168,22.01.27,777497,14518,160103,610740.0,6654
22.01.26,257330,3178,46810,208356.0,1430.0,2164,22.01.26,762983,13012,149084,607279.0,6620
22.01.25,254160,1724,45079,206926.0,925.0,2155,22.01.25,749979,8571,139125,604266.0,6588
22.01.24,252437,1679,44292,205997.0,925.0,2148,22.01.24,741413,7513,132725,602123.0,6565
22.01.23,250758,1694,43148,205470.0,925.0,2140,22.01.23,733902,7630,131717,595645.0,6540
22.01.22,249065,1591,44370,202560.0,925.0,2135,22.01.22,726274,7009,124100,595645.0,6529
22.01.21,247475,1552,42895,202458.0,925.0,2122,22.01.21,719269,6769,118745,594023.0,6501
22.01.20,245925,1362,43979,199829.0,925.0,2117,22.01.20,712503,6603,116255,589768.0,6480
22.01.19,244565,1231,42720,199738.0,925.0,2107,22.01.19,705902,5805,110919,588531.0,6452
22.01.18,243337,763,43126,198148.0,925.0,2063,22.01.18,700102,4072,108051,585673.0,6378
22.01.17,242574,790,42525,197998.0,925.0,2051,22.01.17,696032,3859,0,584.537,6333
22.01.16,241784,925,42215,197525.0,925.0,2044,22.01.16,692174,4194,103197,582667.0,6310
22.01.15,240862,912,42090,196739.0,925.0,2033,22.01.15,687984,4423,101039,580664.0,6281
22.01.14,239950,939,43579,194347.0,925.0,2024,22.01.14,683566,4542,100389,576918.0,6259
22.01.13,239014,978,42659,194346.0,925.0,2009,22.01.13,679030,4167,97057,575763.0,6210
22.01.12,238039,1093,44726,191317.0,925.0,1996,22.01.12,674868,4388,97283,571419.0,6166
22.01.11,236946,755,43651,191317.0,925.0,1978,22.01.11,670483,3097,94609,569760.0,6114
22.01.10,236192,781,44160,190067.0,925.0,1965,22.01.10,667390,3007,94811,566508.0,6071
22.01.09,235415,966,44060,189400.0,925.0,1955,22.01.09,664391,3376,94034,564320.0,6037
22.01.08,234449,994,44443,188072.0,925.0,1934,22.01.08,661015,3510,105541,549488.0,5986
22.01.07,233457,1038,44353,187191.0,925.0,1913,22.01.07,657508,3717,102088,549488.0,5932
22.01.06,232419,1208,45603,184918.0,925.0,1898,22.01.06,653792,4126,102441,545464.0,5887
22.01.05,231213,1412,45905,183420.0,925.0,1888,22.01.05,645226,3024,102402,537043.0,5781
22.01.04,229801,938,47231,180705.0,925.0,1865,22.01.04,645226,3024,102402,537043.0,5781
22.01.03,228867,993,48539,178481.0,925.0,1847,22.01.03,642207,3129,115515,520962.0,5730
22.01.02,227879,1183,47559,178481.0,925.0,1839,22.01.02,639083,3833,112427,520962.0,5694
22.01.01,226698,1464,47537,177348.0,925.0,1813,22.01.01,635253,4416,111908,517720.0,5625
21.12.31,225235,1670,47895,175554.0,925.0,1786,21.12.31,630838,4875,111297,513978.0,5563
21.12.30,223567,1722,47918,173898.0,2018.0,1751,21.12.30,625967,5037,110555,509957.0,5455
21.12.29,221847,1915,48238,171880.0,2139.0,1729,21.12.29,620938,5409,110086,505470.0,5382
21.12.28,219934,1290,48472,169741.0,1167.0,1721,21.12.28,615532,3865,109913,500273.0,5346
21.12.27,218646,1496,48374,168574.0,925.0,1698,21.12.27,611670,4207,109432,496938.0,5300
21.12.26,217150,1917,47820,167649.0,2128.0,1681,21.12.26,607463,5419,108013,494205.0,5245
21.12.25,215233,2123,48049,165521.0,1433.0,1663,21.12.25,602045,5842,106926,489943.0,5176
21.12.24,213114,2346,47411,164088.0,3458.0,1615,21.12.24,596209,6233,105417,485721.0,5071
21.12.23,210768,2720,48540,160630.0,3736.0,1598,21.12.23,589978,6919,115908,469055.0,5015
21.12.22,208048,2805,49585,156894.0,1618.0,1569,21.12.22,583065,7456,114758,463401.0,4906
21.12.21,205249,1994,48436,155276.0,1788.0,1537,21.12.21,575615,5202,111159,459628.0,4828
21.12.20,203255,1908,48246,153488.0,493.0,1521,21.12.20,570414,5318,109512,456126.0,4776
21.12.19,201347,2320,46849,152995.0,1015.0,1503,21.12.19,565098,6236,106350,454026.0,4722
21.12.18,199028,2794,45569,151980.0,1179.0,1479,21.12.18,558864,7314,102883,451337.0,4644
21.12.17,196234,2846,43972,150801.0,2203.0,1461,21.12.17,551551,7435,98151,448809.0,4591
21.12.16,193389,3057,43353,148598.0,456.0,1438,21.12.16,544117,7622,94629,444970.0,4518
21.12.15,190332,3166,40772,148142.0,1879.0,1418,21.12.15,536495,7850,89746,442293.0,4456
21.12.14,187169,2062,39511,146263.0,624.0,1395,21.12.14,528652,5567,88724,435541.0,4387
21.12.13,185108,2550,38113,145639.0,692.0,1356,21.12.13,523088,5817,85231,433564.0,4293
21.12.12,182558,2528,36271,144947.0,998.0,1340,21.12.12,512976,6689,77117,431606.0,4253
21.12.11,180031,2835,34754,143949.0,1337.0,1328,21.12.11,510583,6977,77117,429256.0,4210
21.12.10,177196,2800,33280,142612.0,837.0,1304,21.12.10,503606,7022,73035,426441.0,4130
21.12.09,174396,2790,31341,141775.0,2021.0,1280,21.12.09,496584,7102,68287,424220.0,4077
21.12.08,171606,2901,30589,139754.0,1126.0,1263,21.12.08,489484,7175,71724,413740.0,4020
21.12.07,168705,2120,28838,138628.0,1090.0,1239,21.12.07,482310,4954,66995,411358.0,3957
21.12.06,166586,1408,27834,137538.0,900.0,1214,21.12.06,477358,4325,64424,409041.0,3893
21.12.05,165178,2032,27347,136638.0,488.0,1193,21.12.05,473034,5128,62007,407175.0,3852
21.12.04,163146,2273,25818,136150.0,1064.0,1178,21.12.04,467907,5352,58555,405543.0,3809
21.12.03,160873,2099,24639,135086.0,1889.0,1148,21.12.03,462555,4944,55397,403419.0,3739
21.12.02,158774,2268,24441,133197.0,1330.0,1136,21.12.02,457612,5266,53322,400585.0,3705
21.12.01,156507,2222,23527,131867.0,1299.0,1113,21.12.01,452350,5123,50368,398323.0,3659
21.11.30,154286,1186,22618,130568.0,1264.0,1100,21.11.30,447230,3032,47536,396070.0,3624
21.11.29,153100,1393,22712,129304.0,510.0,1084,21.11.29,444200,3309,47003,393617.0,3580
21.11.28,151711,1676,21845,128794.0,565.0,1072,21.11.28,440896,3928,45037,392311.0,3548
21.11.27,150035,1888,20760,128229.0,1568.0,1046,21.11.27,436968,4068,43335,390141.0,3492
21.11.26,148147,1742,20461,126661.0,933.0,1025,21.11.26,432901,3901,45910,383551.0,3440
21.11.25,146406,1760,19674,125728.0,760.0,1004,21.11.25,429002,3938,43750,381851.0,3401
21.11.24,144647,1735,18685,124968.0,1020.0,994,21.11.24,425065,4116,41325,380377.0,3363
21.11.23,142913,1165,17992,123948.0,1017.0,973,21.11.23,420950,2699,39061,378561.0,3328
21.11.22,141748,1278,17857,122931.0,332.0,960,21.11.22,418252,2827,38248,376706.0,3298
21.11.21,140470,1320,16919,122599.0,684.0,952,21.11.21,415425,3120,36396,375755.0,3274
21.11.20,139154,1377,16298,121915.0,1235.0,941,21.11.20,412311,3212,34684,374383.0,3244
21.11.19,137777,1401,16171,120680.0,504.0,926,21.11.19,409099,3034,37161,368723.0,3215
21.11.18,136376,1429,15288,120176.0,805.0,912,21.11.18,406065,3292,35300,367578.0,3187
21.11.17,134948,1436,14679,119371.0,805.0,898,21.11.17,402775,3187,33528,366089.0,3158
21.11.16,133513,846,14057,118566.0,778.0,890,21.11.16,399591,2125,31955,364499.0,3137
21.11.15,132668,859,14001,117788.0,713.0,879,21.11.15,397466,2006,31517,362834.0,3115
21.11.08,126241,709,12994,112414.0,351.0,833,21.11.08,381694,1760,30915,347799.0,2980
21.11.07,125533,848,12642,112063.0,421.0,828,21.11.07,379935,2224,30167,346801.0,2967
21.11.06,124685,916,12221,111642.0,908.0,822,21.11.06,377712,2248,29190,345566.0,2956
21.11.05,123769,980,12217,110734.0,864.0,818,21.11.05,375464,2344,29291,343237.0,2936
21.11.04,122789,946,12105,109870.0,719.0,814,21.11.04,373120,2482,28316,341888.0,2916
21.11.03,121843,1004,11885,109151.0,642.0,807,21.11.03,370640,2667,27277,340471.0,2892
21.11.02,120840,600,11529,108509.0,603.0,802,21.11.02,367974,1589,26153,338947.0,2874
21.11.01,120240,646,11535,107906.0,356.0,799,21.11.01,366386,1686,26175,337353.0,2858
21.10.31,119594,760,11248,107550.0,951.0,796,21.10.31,364700,2061,25303,336548.0,2849
21.10.30,118834,706,11447,106599.0,434.0,788,21.10.30,362639,2104,25228,334581.0,2830
21.10.29,118128,770,11177,106165.0,539.0,786,21.10.29,360536,2124,24724,332995.0,2817
21.10.28,117358,788,10950,105626.0,394.0,782,21.10.28,358412,2111,24751,330853.0,2808
21.10.27,116572,729,10561,105232.0,520.0,779,21.10.27,356305,1952,23850,329658.0,2797
21.10.26,115844,427,10356,104712.0,800.0,776,21.10.26,354355,1266,23975,327592.0,2788
21.10.25,115417,455,10736,103912.0,488.0,769,21.10.25,353089,1190,25868,324448.0,2773
21.10.24,114962,520,10774,103424.0,258.0,764,21.10.24,351899,1423,25740,323393.0,2766
21.10.23,114442,551,10520,103166.0,804.0,756,21.10.23,350476,1508,25195,322536.0,2745
21.10.22,113891,519,10783,102362.0,830.0,746,21.10.22,348969,1440,25927,320317.0,2725
21.10.21,113372,506,11099,101532.0,446.0,741,21.10.21,347529,1441,27065,317755.0,2709
21.10.20,112866,504,11043,101086.0,1022.0,737,21.10.20,346088,1571,26783,316607.0,2698
21.10.19,112363,298,11567,100064.0,859.0,732,21.10.19,344518,1073,28397,313432.0,2689
21.10.18,112065,355,12139,99205.0,696.0,721,21.10.18,343445,1050,28996,311781.0,2668
21.10.17,111710,506,12484,98509.0,693.0,717,21.10.17,342396,1420,29392,310344.0,2660
21.10.16,111205,586,12680,97816.0,753.0,709,21.10.16,340978,1618,30147,308187.0,2644
21.10.15,110620,681,12855,97063.0,364.0,702,21.10.15,339361,1684,30884,305851.0,2626
21.10.14,109940,748,12540,96699.0,879.0,701,21.10.14,337679,1940,31342,303719.0,2618
21.10.13,109195,583,12679,95820.0,473.0,696,21.10.13,335742,1584,31071,302066.0,2605
21.10.12,108617,482,12576,95347.0,412.0,694,21.10.12,334163,1347,32309,299260.0,2594
21.10.11,108135,511,12512,94935.0,507.0,688,21.10.11,332816,1297,32211,298022.0,2583
21.10.10,107624,583,12513,94428.0,674.0,683,21.10.10,331519,1594,32236,296708.0,2575
21.10.09,107041,712,12609,93754.0,1687.0,678,21.10.09,329925,1953,32436,294929.0,2560
21.10.08,106332,776,13591,92067.0,1751.0,674,21.10.08,327976,2176,33331,292091.0,2554
21.10.07,105558,837,14573,90316.0,756.0,669,21.10.07,325804,2427,34438,288822.0,2544
21.10.06,104723,690,14497,89560.0,975.0,666,21.10.06,323379,2028,33803,287040.0,2536
21.10.05,104033,521,14786,88585.0,379.0,662,21.10.05,321352,1575,34631,284197.0,2524
21.10.04,103512,574,14650,88206.0,592.0,656,21.10.04,319777,1673,34595,282669.0,2513
21.10.03,102939,736,14670,87614.0,624.0,655,21.10.03,318104,2085,36750,278847.0,2507
21.10.02,102204,793,14561,86990.0,560.0,653,21.10.02,316020,2248,36424,277092.0,2504
21.10.01,101411,916,14332,86430.0,529.0,649,21.10.01,313773,2486,35700,275576.0,2497
21.09.30,100495,945,13951,85901.0,543.0,643,21.09.30,311289,2564,34603,274205.0,2481
21.09.29,99550,1054,13553,85358.0,766.0,639,21.09.29,308725,2885,33527,272724.0,2474
21.09.28,98497,842,13270,84592.0,727.0,635,21.09.28,305842,2289,32450,270928.0,2464
21.09.27,97655,778,13157,83865.0,184.0,633,21.09.27,303553,2383,31965,269132.0,2456
21.09.26,96877,928,12564,83681.0,797.0,632,21.09.26,301172,2771,30582,268140.0,2450
21.09.25,95949,1222,12435,82884.0,957.0,630,21.09.25,298402,3273,29547,266414.0,2441
21.09.24,94728,907,12174,81927.0,657.0,627,21.09.24,295132,2434,28206,264492.0,2434
21.09.23,93821,645,11926,81270.0,415.0,625,21.09.23,292699,1716,27430,262842.0,2427
21.09.22,93176,644,11700,80855.0,337.0,621,21.09.22,290983,1720,26752,261812.0,2419
21.09.21,92532,676,11394,80518.0,266.0,620,21.09.21,289263,1729,26760,260090.0,2413
21.09.20,91856,583,10986,80252.0,307.0,618,21.09.20,287536,1605,26116,259011.0,2409
21.09.19,91273,742,10711,79945.0,549.0,617,21.09.19,285931,1910,26078,257449.0,2404
21.09.18,90532,703,10520,79396.0,500.0,616,21.09.18,284022,2087,25599,256029.0,2394
21.09.17,89829,746,10319,78896.0,1004.0,614,21.09.17,281938,2008,25455,254094.0,2389
21.09.16,89083,719,10577,77892.0,785.0,614,21.09.16,279930,1943,25506,252038.0,2386
21.09.15,88364,808,10645,77107.0,786.0,612,21.09.15,277989,2080,25776,249833.0,2380
21.09.14,87556,539,10627,76321.0,323.0,608,21.09.14,275910,1497,25896,247647.0,2367
21.09.13,87018,556,10413,75998.0,228.0,607,21.09.13,274415,1433,26550,245505.0,2360
21.09.12,86462,658,10085,75770.0,310.0,607,21.09.12,272982,1755,26164,244459.0,2359
21.09.11,85804,659,9737,75460.0,458.0,607,21.09.11,271227,1865,25909,242960.0,2358
21.09.10,85145,670,9540,75002.0,509.0,603,21.09.10,269362,1892,26281,240733.0,2348
21.09.09,84475,667,9383,74493.0,316.0,599,21.09.09,267470,2049,26207,238920.0,2343
21.09.08,83808,671,9034,74177.0,669.0,597,21.09.08,265423,2050,25803,237286.0,2334
21.09.07,83138,482,9035,73508.0,535.0,595,21.09.07,263374,1597,25819,235225.0,2330
21.09.06,82657,464,9091,72973.0,404.0,593,21.09.06,261778,1375,25756,233695.0,2327
21.09.05,82193,508,9032,72569.0,704.0,592,21.09.05,260403,1490,25748,232334.0,2321
21.09.04,81685,566,9230,71865.0,522.0,590,21.09.04,258913,1804,26193,230405.0,2315
21.09.03,81119,542,9188,71343.0,644.0,588,21.09.03,257110,1709,26184,228618.0,2308
21.09.02,80577,559,9291,70699.0,801.0,587,21.09.02,255401,1961,26876,226222.0,2303
21.09.01,80019,665,9537,69898.0,497.0,584,21.09.01,253445,2025,26834,224319.0,2292
21.08.31,79354,456,9370,69401.0,364.0,583,21.08.31,251421,1372,27435,221701.0,2285
21.08.30,78899,444,9280,69037.0,551.0,582,21.08.30,250051,1487,27409,220358.0,2284
21.08.29,78455,517,9388,68486.0,599.0,581,21.08.29,248568,1619,27563,218726.0,2279
21.08.28,77940,569,9472,67887.0,628.0,581,21.08.28,246951,1793,27686,216989.0,2276
21.08.27,77371,557,9533,67259.0,634.0,579,21.08.27,245158,1841,28220,214673.0,2265
21.08.26,76814,570,9611,66625.0,232.0,578,21.08.26,243317,1882,28189,212871.0,2257
21.08.25,76245,677,9277,66393.0,649.0,575,21.08.25,241439,2155,28025,211177.0,2237
21.08.24,75570,438,9252,65744.0,457.0,574,21.08.24,239287,1509,27866,209193.0,2228
21.08.23,75136,388,9276,65287.0,489.0,573,21.08.23,237782,1418,27959,207601.0,2222
21.08.22,74749,499,9380,64798.0,357.0,571,21.08.22,236366,1628,27875,206276.0,2215
21.08.21,74251,526,9243,64441.0,478.0,567,21.08.21,234739,1880,28019,204518.0,2202
21.08.20,73725,556,9196,63963.0,505.0,566,21.08.20,232859,2052,27887,202775.0,2197
21.08.19,73169,575,9147,63458.0,565.0,564,21.08.19,230808,2152,27382,201235.0,2191
21.08.18,72594,510,9140,62893.0,525.0,561,21.08.18,228657,1805,26897,199582.0,2178
21.08.17,72086,366,9158,62368.0,122.0,560,21.08.17,226854,1373,27457,197224.0,2173
21.08.16,71720,364,8917,62246.0,185.0,557,21.08.16,225481,1556,27116,196198.0,2167
21.08.15,71358,488,8743,62061.0,362.0,554,21.08.15,223928,1817,26669,195103.0,2156
21.08.14,70870,515,8621,61699.0,459.0,550,21.08.14,222111,1930,26185,193778.0,2148
21.08.13,70355,524,8566,61240.0,562.0,549,21.08.13,220182,1990,25790,192248.0,2144
21.08.12,69831,526,8607,60678.0,154.0,546,21.08.12,218192,1987,25519,190535.0,2138
21.08.11,69306,661,8236,60524.0,606.0,546,21.08.11,216206,2223,24565,189506.0,2135
21.08.10,68646,360,8183,59918.0,456.0,545,21.08.10,213987,1540,24330,187523.0,2134
21.08.09,68287,415,8282,59462.0,454.0,543,21.08.09,212448,1492,24081,186242.0,2125
21.08.08,67872,450,8322,59008.0,324.0,542,21.08.08,210956,1729,23832,185003.0,2121
21.08.07,67422,503,8198,58684.0,663.0,540,21.08.07,209228,1823,23323,183789.0,2116
21.08.06,66919,464,8358,58021.0,511.0,540,21.08.06,207406,1704,23241,182052.0,2113
21.08.05,66455,466,8406,57510.0,381.0,539,21.08.05,205702,1776,22874,180719.0,2109
21.08.04,65989,486,8323,57129.0,326.0,537,21.08.04,203926,1725,22697,179123.0,2106
21.08.03,65503,311,8163,56803.0,419.0,537,21.08.03,202203,1202,22190,177909.0,2104
21.08.02,65193,365,8274,56384.0,196.0,535,21.08.02,201002,1219,22298,176605.0,2099
21.08.01,64832,473,8109,56188.0,123.0,535,21.08.01,199787,1442,22015,175674.0,2098
21.07.31,64359,476,7760,56065.0,508.0,534,21.07.31,198345,1539,22073,174177.0,2095
21.07.30,63883,488,7794,55557.0,242.0,532,21.07.30,196806,1710,21960,172757.0,2089
21.07.29,63396,515,7549,55315.0,271.0,532,21.07.29,195099,1674,21455,171559.0,2085
21.07.28,62881,573,7306,55044.0,508.0,531,21.07.28,193427,1896,20850,170494.0,2083
21.07.27,62308,351,7599,54180.0,508.0,529,21.07.27,191531,1365,20823,168629.0,2079
21.07.26,61957,341,7756,53672.0,208.0,529,21.07.26,190166,1318,20724,167365.0,2077
21.07.25,61616,489,7623,53464.0,365.0,529,21.07.25,188848,1487,20400,166375.0,2073
21.07.24,61128,465,7501,53099.0,349.0,528,21.07.24,187362,1629,20048,165246.0,2068
21.07.23,60663,520,7385,52750.0,424.0,528,21.07.23,185733,1630,19461,164206.0,2066
21.07.22,60143,499,7289,52326.0,668.0,528,21.07.22,184103,1842,18967,163073.0,2063
21.07.21,59644,604,7458,51658.0,439.0,528,21.07.21,182265,1784,18571,161634.0,2060
21.07.20,59040,394,7294,51219.0,161.0,527,21.07.20,180481,1278,18075,160347.0,2059
21.07.19,58646,419,7061,51058.0,187.0,527,21.07.19,179203,1252,17515,159630.0,2058
21.07.18,58227,523,6829,50871.0,462.0,527,21.07.18,177951,1454,16941,158953.0,2057
21.07.17,57704,562,6768,50409.0,342.0,527,21.07.17,176500,1455,16485,157960.0,2055
21.07.16,57142,570,6550,50067.0,152.0,525,21.07.16,175046,1536,15882,157113.0,2051
21.07.15,56573,520,6133,49915.0,520.0,525,21.07.15,173511,1600,14952,156509.0,2050
21.07.14,56053,638,6134,49395.0,315.0,524,21.07.14,171911,1615,14372,155491.0,2048
21.07.13,55415,417,5812,49080.0,131.0,523,21.07.13,170296,1150,13498,154752.0,2046
21.07.12,54998,403,5526,48949.0,130.0,523,21.07.12,169146,1100,12915,154187.0,2044
21.07.11,54595,509,5253,48819.0,277.0,523,21.07.11,168046,1324,12243,153760.0,2043
21.07.10,54086,509,5023,48542.0,275.0,521,21.07.10,166722,1378,11531,153153.0,2038
21.07.09,53577,503,4791,48267.0,201.0,519,21.07.09,165344,1316,10810,152498.0,2036
21.07.08,53074,550,4490,48066.0,127.0,518,21.07.08,164028,1275,10071,151923.0,2034
21.07.07,52524,583,4067,47939.0,308.0,518,21.07.07,162753,1212,9220,151500.0,2033
21.07.06,51941,320,3792,47631.0,234.0,518,21.07.06,161541,746,8749,150760.0,2032
21.07.05,51621,307,3707,47397.0,190.0,517,21.07.05,160795,711,8723,150044.0,2028
21.07.04,51314,289,3591,47207.0,159.0,516,21.07.04,160084,743,8444,149614.0,2026
21.07.03,51026,359,3462,47048.0,380.0,516,21.07.03,159342,794,8185,149132.0,2025
21.07.02,50668,347,3485,46668.0,75.0,515,21.07.02,158549,826,8206,148319.0,2024
21.07.01,50321,334,3214,46593.0,92.0,514,21.07.01,157723,762,7678,148024.0,2021
21.06.30,49987,375,2973,46501.0,350.0,513,21.06.30,156961,794,7250,147693.0,2018
21.06.29,49612,205,2948,46151.0,65.0,513,21.06.29,156167,595,7073,147077.0,2017
21.06.28,49407,185,2808,46086.0,88.0,513,21.06.28,155572,501,6882,146675.0,2015
21.06.27,49222,242,2712,45998.0,111.0,512,21.06.27,155071,614,6718,146340.0,2013
21.06.26,48980,263,2581,45887.0,177.0,512,21.06.26,154457,668,6456,145989.0,2012
21.06.25,48717,269,2496,45710.0,319.0,511,21.06.25,153789,634,6391,145389.0,2009
21.06.24,48448,252,2547,45391.0,124.0,510,21.06.24,153155,610,6359,144788.0,2008
21.06.23,48196,236,2419,45267.0,137.0,510,21.06.23,152545,645,6159,144379.0,2007
21.06.22,47961,132,2322,45130.0,201.0,509,21.06.22,151901,395,6078,143817.0,2006
21.06.21,47829,134,2392,44929.0,124.0,508,21.06.21,151506,357,6234,143268.0,2004
21.06.20,47695,165,2383,44805.0,188.0,507,21.06.20,151149,429,6248,142899.0,2002
21.06.19,47530,197,2407,44617.0,143.0,506,21.06.19,150720,482,6338,142385.0,1997
21.06.18,47333,200,2354,44474.0,392.0,505,21.06.18,150238,507,6426,141816.0,1996
21.06.17,47133,201,2547,44082.0,184.0,504,21.06.17,149731,540,6708,141029.0,1994
21.06.16,46932,201,2531,43898.0,253.0,503,21.06.16,149192,545,6760,140438.0,1994
21.06.15,46732,132,2585,43645.0,241.0,502,21.06.15,148647,374,6922,139733.0,1992
21.06.14,46600,122,2695,43404.0,108.0,501,21.06.14,148273,399,7263,139022.0,1988
21.06.13,46478,176,2681,43296.0,122.0,501,21.06.13,147874,452,7308,138581.0,1985
21.06.12,46302,208,2629,43174.0,399.0,499,21.06.12,147422,565,7403,138037.0,1982
21.06.11,46096,204,2822,42775.0,148.0,499,21.06.11,146859,556,7654,137224.0,1981
21.06.10,45892,213,2766,42627.0,201.0,499,21.06.10,146303,611,7611,136713.0,1979
21.06.09,45679,183,2754,42426.0,134.0,499,21.06.09,145692,602,7541,136174.0,1977
21.06.08,45497,139,2707,42292.0,196.0,498,21.06.08,145091,454,7704,135412.0,1975
21.06.07,45358,159,2765,42096.0,334.0,497,21.06.07,144637,485,7802,134861.0,1974
21.06.06,45199,179,2940,41762.0,151.0,497,21.06.06,144152,556,7917,134262.0,1973
21.06.05,45020,277,2913,41611.0,117.0,496,21.06.05,143596,744,7862,133763.0,1971
21.06.04,44743,206,2753,41494.0,100.0,496,21.06.04,142852,695,7594,133289.0,1969
21.06.03,44537,215,2648,41394.0,232.0,495,21.06.03,142157,681,7490,132699.0,1968
21.06.02,44322,258,2668,41162.0,130.0,492,21.06.02,141476,677,7443,132068.0,1965
21.06.01,44064,147,2541,41032.0,217.0,491,21.06.01,140799,459,7373,131463.0,1963
21.05.31,43917,130,2614,40815.0,136.0,488,21.05.31,140340,430,7558,130823.0,1959
21.05.30,43787,160,2620,40679.0,90.0,488,21.05.30,139910,480,7572,130381.0,1957
21.05.29,43627,194,2552,40589.0,533.0,486,21.05.29,139431,533,7741,129739.0,1951
21.05.28,43433,214,2892,40056.0,202.0,485,21.05.28,138898,587,8191,128761.0,1946
21.05.27,43219,218,2883,39854.0,174.0,482,21.05.27,138311,629,8188,128180.0,1943
21.05.26,43001,262,2840,39680.0,234.0,481,21.05.26,137682,707,8160,127582.0,1940
21.05.25,42739,138,2813,39446.0,170.0,480,21.05.25,136983,516,8052,126993.0,1938
21.05.24,42601,139,2845,39276.0,124.0,480,21.05.24,136467,538,8106,126427.0,1934
21.05.23,42462,181,2830,39152.0,289.0,480,21.05.23,135929,585,8117,125881.0,1931
21.05.22,42281,208,2938,38863.0,450.0,480,21.05.22,135344,666,8386,125032.0,1926
21.05.21,42073,172,3181,38413.0,143.0,479,21.05.21,134678,561,8598,124158.0,1922
21.05.20,41901,242,3156,38270.0,151.0,475,21.05.20,134117,646,8542,123659.0,1916
21.05.19,41659,249,3066,38119.0,159.0,474,21.05.19,133471,654,8322,123237.0,1912
21.05.18,41410,172,2978,37960.0,126.0,472,21.05.18,132818,528,8283,122631.0,1904
21.05.17,41238,195,2932,37834.0,113.0,472,21.05.17,132290,619,8224,122163.0,1903
21.05.16,41043,213,2851,37721.0,164.0,471,21.05.16,131671,610,8007,121764.0,1900
21.05.15,40830,254,2805,37557.0,387.0,468,21.05.15,131061,681,7883,121282.0,1896
21.05.14,40576,231,2938,37170.0,153.0,468,21.05.14,130380,747,8092,120395.0,1893
21.05.13,40345,227,2860,37017.0,127.0,468,21.05.13,129633,715,7836,119906.0,1891
21.05.12,40118,223,2762,36890.0,151.0,466,21.05.12,128918,635,7661,119373.0,1884
21.05.12,40118,223,2762,36890.0,151.0,466,21.05.12,128918,635,7661,119373.0,1884
21.05.11,39895,163,2692,36739.0,214.0,464,21.05.11,128283,511,7687,118717.0,1879
21.05.10,39732,141,2745,36525.0,127.0,462,21.05.10,127772,463,8053,117844.0,1875
21.05.09,39591,195,2731,36398.0,127.0,462,21.05.09,127309,564,8012,117423.0,1874
21.05.08,39396,242,2666,36271.0,423.0,459,21.05.08,126745,701,7999,116881.0,1865
21.05.07,39154,179,2849,35848.0,180.0,457,21.05.07,126044,525,8162,116022.0,1860
21.05.06,38975,212,2854,35668.0,120.0,453,21.05.06,125519,574,8177,115491.0,1851
21.05.05,38763,238,2763,35548.0,189.0,452,21.05.05,124945,676,8154,114944.0,1847
21.05.04,38525,184,2714,35359.0,250.0,452,21.05.04,124269,541,8301,114128.0,1840
21.05.03,38341,127,2781,35109.0,58.0,451,21.05.03,123728,488,8538,113356.0,1834
21.05.02,38214,182,2712,35051.0,143.0,451,21.05.02,123240,606,8542,112865.0,1833
21.05.01,38032,195,2674,34908.0,431.0,450,21.05.01,122634,627,8466,112337.0,1831
21.04.30,37837,227,2912,34477.0,148.0,448,21.04.30,122007,661,8757,111422.0,1828
21.04.29,37610,227,2834,34329.0,117.0,447,21.04.29,121351,680,8739,110787.0,1825
21.04.28,37385,259,2728,34212.0,145.0,445,21.04.28,120673,775,8604,110248.0,1821
21.04.27,37126,116,2614,34067.0,261.0,445,21.04.27,119898,512,8383,109695.0,1820
21.04.26,37010,154,2759,33806.0,34.0,445,21.04.26,119387,500,8720,108850.0,1817
21.04.25,36856,175,2640,33772.0,272.0,444,21.04.25,118887,644,8599,108475.0,1813
21.04.24,36681,253,2737,33500.0,271.0,444,21.04.24,118243,785,8650,107781.0,1812
21.04.23,36428,204,2755,33229.0,167.0,444,21.04.23,117458,797,8576,107071.0,1811
21.04.22,36224,230,2719,33062.0,171.0,443,21.04.22,116661,735,8394,106459.0,1808
21.04.21,35994,218,2660,32891.0,248.0,443,21.04.21,115926,731,8243,105877.0,1806
21.04.20,35776,148,2690,32643.0,180.0,443,21.04.20,115195,549,8166,105227.0,1802
21.04.19,35628,137,2722,32463.0,86.0,443,21.04.19,114646,532,8371,104474.0,1801
21.04.18,35492,205,2672,32377.0,77.0,443,21.04.18,114115,672,8312,104006.0,1797
21.04.17,35287,217,2544,32300.0,147.0,443,21.04.17,113444,658,8056,103594.0,1794
21.04.16,35070,216,2475,32153.0,228.0,442,21.04.16,112789,673,7937,103062.0,1790
21.04.15,34855,217,2490,31925.0,192.0,440,21.04.15,112117,698,7816,102513.0,1788
21.04.14,34638,247,2467,31733.0,249.0,438,21.04.14,111419,731,7654,101983.0,1782
21.04.13,34391,158,2470,31484.0,179.0,437,21.04.13,110688,542,7581,101332.0,1775
21.04.12,34233,162,2493,31305.0,49.0,435,21.04.12,110146,587,7572,100804.0,1770
21.04.11,34071,214,2381,31256.0,473.0,434,21.04.11,109559,614,7682,100109.0,1768
21.04.10,33857,201,2640,30783.0,132.0,434,21.04.10,108945,677,7879,99301.0,1765
21.04.09,33656,215,2571,30651.0,110.0,434,21.04.09,108269,671,7719,98786.0,1764
21.04.08,33441,244,2469,30541.0,111.0,431,21.04.08,107598,700,7480,98360.0,1758
21.04.07,33197,198,2336,30430.0,127.0,431,21.04.07,106898,668,7214,97928.0,1756
21.04.06,32999,147,2267,30303.0,131.0,429,21.04.06,106230,478,7115,97363.0,1752
21.04.05,32852,152,2251,30172.0,71.0,429,21.04.05,105752,473,7104,96900.0,1748
21.04.04,32700,149,2170,30101.0,125.0,429,21.04.04,105279,543,6946,96589.0,1744
21.04.03,32551,155,2148,29976.0,78.0,427,21.04.03,104736,543,6800,96196.0,1740
21.04.02,32397,167,2073,29898.0,116.0,426,21.04.02,104194,558,6596,95861.0,1737
21.04.01,32233,199,2026,29782.0,88.0,425,21.04.01,103639,551,6465,95439.0,1735
21.03.31,32034,158,1916,29694.0,136.0,424,21.03.31,103088,506,6327,95030.0,1731
21.03.30,31876,145,1894,29558.0,119.0,424,21.03.30,102582,447,6290,94563.0,1729
21.03.29,31731,107,1869,29439.0,53.0,423,21.03.29,102141,384,6291,94124.0,1726
21.03.28,31624,138,1815,29386.0,68.0,423,21.03.28,101757,482,6180,93855.0,1722
21.03.27,31486,127,1746,29318.0,115.0,422,21.03.27,101275,505,6079,93475.0,1721
21.03.26,31359,122,1736,29203.0,277.0,420,21.03.26,100770,494,6424,92630.0,1716
21.03.25,31237,127,1893,28926.0,191.0,418,21.03.25,100276,430,6499,92068.0,1709
21.03.24,31110,137,1958,28735.0,127.0,417,21.03.24,99846,428,6579,91560.0,1707
21.03.23,30976,97,1953,28608.0,142.0,415,21.03.23,99421,346,6638,91079.0,1704
21.03.22,30879,109,1998,28466.0,80.0,415,21.03.22,99075,415,6767,90611.0,1697
21.03.21,30775,125,1975,28386.0,68.0,414,21.03.21,98665,456,6641,90328.0,1696
21.03.20,30650,120,1919,28318.0,132.0,413,21.03.20,98209,452,6567,89949.0,1693
21.03.19,30530,146,1931,28186.0,78.0,413,21.03.19,97757,463,6544,89523.0,1690
21.03.18,30384,124,1864,28108.0,121.0,412,21.03.18,97294,445,6428,89178.0,1688
21.03.17,30260,120,1861,27987.0,253.0,412,21.03.17,96849,469,6349,88814.0,1686
21.03.16,30140,79,1997,27734.0,208.0,409,21.03.16,96380,363,6447,88255.0,1678
21.03.15,30061,112,2128,27526.0,78.0,407,21.03.15,96017,382,6588,87754.0,1675
21.03.14,29949,112,2097,27448.0,251.0,404,21.03.14,95635,459,6558,87408.0,1669
21.03.13,29837,140,2237,27197.0,480.0,403,21.03.13,95176,490,6884,86625.0,1667
21.03.12,29697,140,2580,26717.0,504.0,400,21.03.12,94686,488,7281,85743.0,1662
21.03.11,29557,138,2945,26213.0,93.0,399,21.03.11,94198,465,7871,84675.0,1652
21.03.10,29419,138,2901,26120.0,151.0,398,21.03.10,93733,470,7773,84312.0,1648
21.03.09,29281,102,2916,25969.0,174.0,396,21.03.09,93263,446,7718,83900.0,1645
21.03.08,29179,100,2988,25795.0,87.0,396,21.03.08,92817,346,7701,83474.0,1642
21.03.07,29079,132,2977,25708.0,80.0,394,21.03.07,92471,416,7617,83220.0,1634
21.03.06,28947,128,2926,25628.0,82.0,393,21.03.06,92055,418,7510,82913.0,1632
21.03.05,28820,129,2883,25546.0,127.0,391,21.03.05,91638,398,7451,82560.0,1627
21.03.04,28691,118,2884,25419.0,168.0,388,21.03.04,91240,424,7459,82162.0,1619
21.03.03,28573,119,2937,25251.0,99.0,385,21.03.03,90816,444,7504,81700.0,1612
21.03.02,28454,122,2921,25152.0,65.0,381,21.03.02,90372,344,7428,81338.0,1606
21.03.01,28332,92,2864,25087.0,70.0,381,21.03.01,90029,355,7354,81070.0,1605
21.02.28,28240,120,2843,25017.0,71.0,380,21.02.28,89676,356,7376,80697.0,1603
21.02.27,28120,131,2796,24946.0,138.0,378,21.02.27,89321,415,7393,80333.0,1595
21.02.26,27989,132,2806,24808.0,156.0,375,21.02.26,88922,406,7457,79880.0,1585
21.02.25,27857,122,2832,24652.0,203.0,373,21.02.25,88516,396,7448,79487.0,1581
21.02.24,27735,144,2914,24449.0,474.0,372,21.02.24,88120,440,7494,79050.0,1576
21.02.23,27592,126,3246,23975.0,270.0,371,21.02.23,87681,357,7714,78394.0,1573
21.02.22,27466,106,3392,23705.0,152.0,369,21.02.22,87324,332,7875,77887.0,1562
21.02.21,27360,130,3442,23553.0,154.0,365,21.02.21,86992,416,7919,77516.0,1557
21.02.20,27230,123,3466,23399.0,321.0,365,21.02.20,86574,446,7938,77083.0,1553
21.02.19,27107,180,3665,23078.0,391.0,364,21.02.19,86128,561,8065,76513.0,1550
21.02.18,26927,185,3878,22687.0,257.0,362,21.02.18,85567,621,8127,75896.0,1544
21.02.17,26742,258,3952,22430.0,398.0,360,21.02.17,84946,621,8048,75360.0,1538
21.02.16,26484,161,4093,22032.0,145.0,359,21.02.16,84325,457,8240,74551.0,1534
21.02.15,26324,151,4081,21887.0,72.0,356,21.02.15,83869,344,8548,73794.0,1527
21.02.14,26173,152,4003,21815.0,89.0,355,21.02.14,83525,326,8444,73559.0,1522
21.02.13,26021,136,3943,21726.0,78.0,352,21.02.13,83199,362,8458,73227.0,1514
21.02.12,25885,158,3886,21648.0,100.0,351,21.02.12,82837,403,8394,72936.0,1507
21.02.11,25727,183,3832,21548.0,71.0,347,21.02.11,82434,504,8300,72638.0,1496
21.02.10,25544,175,3724,21477.0,159.0,343,21.02.10,81930,444,8218,72226.0,1486
21.02.09,25369,90,3710,21318.0,133.0,341,21.02.09,81487,303,8329,71676.0,1482
21.02.08,25279,112,3755,21185.0,93.0,339,21.02.08,81190,289,8498,71218.0,1474
21.02.07,25167,144,3737,21092.0,83.0,338,21.02.07,80896,372,8560,70865.0,1471
21.02.06,25023,143,3681,21009.0,98.0,333,21.02.06,80524,393,8555,70505.0,1464
21.02.05,24880,126,3637,20911.0,140.0,332,21.02.05,80131,370,8555,70117.0,1459
21.02.04,24755,172,3655,20771.0,78.0,329,21.02.04,79762,451,8610,69704.0,1448
21.02.03,24583,188,3563,20693.0,208.0,327,21.02.03,79311,467,8571,69299.0,1441
21.02.02,24395,128,3584,20485.0,155.0,326,21.02.02,78844,336,8634,68775.0,1435
21.02.01,24267,107,3612,20330.0,242.0,325,21.02.01,78508,305,8774,68309.0,1425
21.01.31,24162,101,3750,20088.0,494.0,324,21.01.31,78205,355,8907,67878.0,1420
21.01.30,24061,154,4144,19594.0,108.0,323,21.01.30,77850,458,9315,67121.0,1414
21.01.29,23908,112,4105,19486.0,157.0,317,21.01.29,77395,469,9493,66503.0,1399
21.01.28,23797,105,4157,19329.0,171.0,311,21.01.28,76926,497,9524,66016.0,1386
21.01.27,23692,129,4227,19158.0,130.0,307,21.01.27,76429,559,9573,65478.0,1378
21.01.26,23563,104,4231,19028.0,402.0,304,21.01.26,75875,354,9711,64793.0,1371
21.01.25,23459,102,4532,18626.0,172.0,301,21.01.25,75521,437,11205,62956.0,1360
21.01.24,23357,133,4606,18454.0,160.0,297,21.01.24,75084,392,11205,62530.0,1349
21.01.23,23224,127,4636,18294.0,138.0,294,21.01.23,74692,431,11311,62044.0,1337
21.01.22,23097,115,4651,18156.0,169.0,290,21.01.22,74262,346,11519,61415.0,1328
21.01.21,22984,125,4712,17987.0,225.0,285,21.01.21,73918,401,11756,60846.0,1316
21.01.20,22859,143,4818,17762.0,275.0,279,21.01.20,73518,404,12038,60180.0,1300
21.01.19,22717,101,4953,17487.0,276.0,277,21.01.19,73115,386,12364,59468.0,1283
21.01.18,22616,132,5134,17211.0,118.0,271,21.01.18,72729,389,12742,58723.0,1264
21.01.17,22484,145,5126,17093.0,208.0,265,21.01.17,72340,520,12838,58253.0,1249
21.01.16,22339,156,5192,16885.0,367.0,262,21.01.16,71820,580,13030,57554.0,1236
21.01.15,22183,127,5411,16518.0,214.0,254,21.01.15,71241,513,13488,56536.0,1217
21.01.14,22056,134,5500,16304.0,217.0,252,21.01.14,70728,524,13761,55772.0,1195
21.01.13,21922,152,5585,16087.0,149.0,250,21.01.13,70212,562,14391,54636.0,1185
21.01.12,21771,167,5585,15938.0,404.0,248,21.01.12,69651,537,14917,53569.0,1165
21.01.11,21604,141,5832,15534.0,1734.0,238,21.01.11,69114,451,15422,52552.0,1140
21.01.10,21463,187,7433,13800.0,541.0,230,21.01.10,68664,665,17130,50409.0,1125
21.01.09,21276,188,7794,13259.0,454.0,223,21.01.09,67999,641,17575,49324.0,1100
21.01.08,21088,191,8060,12805.0,262.0,223,21.01.08,67358,674,17908,48369.0,1081
21.01.07,20899,298,8143,12543.0,114.0,213,21.01.07,66686,870,17991,47649.0,1046
21.01.06,20602,264,7966,12429.0,334.0,207,21.01.06,65818,840,17796,46995.0,1027
21.01.05,20338,199,8039,12095.0,374.0,204,21.01.05,64979,715,17800,46172.0,1007
21.01.04,20138,329,8224,11721.0,200.0,193,21.01.04,64264,1020,18043,45240.0,981
21.01.03,19809,197,8099,11521.0,669.0,189,21.01.03,63244,657,17775,44507.0,962
21.01.02,19614,251,8576,10852.0,65.0,186,21.01.02,62593,824,18073,43578.0,942
21.01.01,19363,359,8394,10787.0,346.0,182,21.01.01,61769,1029,17899,42953.0,917
20.12.31,19004,366,8386,10441.0,316.0,177,20.12.31,60740,967,17569,42271.0,900
20.12.30,18638,387,8341,10125.0,115.0,172,20.12.30,59773,1050,17459,41435.0,879
20.12.29,18253,523,8076,10010.0,399.0,167,20.12.29,58725,1046,17163,40703.0,859
20.12.28,17731,301,7961,9611.0,22.0,159,20.12.28,57680,808,17593,39268.0,819
20.12.27,17430,362,7684,9589.0,109.0,157,20.12.27,56872,970,17024,39040.0,808
20.12.26,17068,466,7433,9480.0,160.0,155,20.12.26,55902,1132,16577,38532.0,793
20.12.25,16602,552,7134,9320.0,149.0,148,20.12.25,54770,1216,15949,38048.0,773
20.12.24,16050,319,6732,9171.0,307.0,147,20.12.24,53533,985,15352,37425.0,756
20.12.23,15732,376,6723,8864.0,302.0,145,20.12.23,52550,1092,15085,36726.0,739
20.12.22,15356,317,6650,8562.0,192.0,144,20.12.22,51460,869,14810,35928.0,722
20.12.21,15039,328,6533,8370.0,150.0,136,20.12.21,50591,926,14738,35155.0,698
20.12.20,14711,473,6361,8220.0,189.0,130,20.12.20,49665,1097,14269,34722.0,674
20.12.19,14240,384,6081,8031.0,35.0,128,20.12.19,48570,1053,13577,34334.0,659
20.12.18,13856,398,5734,7996.0,75.0,126,20.12.18,47515,1062,12888,33982.0,645
20.12.17,13458,423,5412,7921.0,231.0,125,20.12.17,46453,1014,12209,33610.0,634
20.12.16,13035,378,5225,7690.0,26.0,120,20.12.16,45442,1078,11883,32947.0,612
20.12.15,12657,251,4878,7664.0,91.0,115,20.12.15,44364,880,11205,32559.0,600
20.12.14,12406,219,4721,7573.0,34.0,112,20.12.14,43484,718,10795,32102.0,587
20.12.13,12187,399,4588,7490.0,34.0,109,20.12.13,42766,1030,10372,31814.0,580
20.12.12,11788,362,4223,7456.0,25.0,109,20.12.12,41736,950,9665,31493.0,578
20.12.11,11426,252,3889,7431.0,145.0,106,20.12.11,40786,689,9057,31157.0,572
20.12.10,11175,251,3784,7286.0,69.0,105,20.12.10,40098,682,8897,30637.0,564
20.12.09,10932,270,3610,7217.0,188.0,105,20.12.09,39432,686,8699,30177.0,556
20.12.08,10663,214,3530,7029.0,77.0,104,20.12.08,38755,594,8553,29650.0,552
20.12.07,10449,244,3395,6952.0,32.0,102,20.12.07,38161,615,8311,29301.0,549
20.12.06,10205,254,3184,6920.0,33.0,101,20.12.06,37546,631,7873,29128.0,545
20.12.05,9951,235,2964,6887.0,113.0,100,20.12.05,36915,583,7458,28917.0,540
20.12.04,9716,295,2845,6774.0,55.0,97,20.12.04,36332,629,7185,28611.0,536
20.12.03,9421,262,2607,6719.0,94.0,95,20.12.03,35703,540,6822,28352.0,529
20.12.02,9159,193,2441,6625.0,5.0,93,20.12.02,35163,511,6572,28065.0,526
20.12.01,8966,155,2253,6620.0,86.0,93,20.12.01,34652,451,6241,27885.0,526
20.11.30,8811,159,2184,6534.0,5.0,93,20.11.30,34201,438,6022,27653.0,526
20.11.29,8652,158,2031,6529.0,56.0,92,20.11.29,33824,450,5759,27542.0,523
20.11.28,8494,178,1948,6455.0,91.0,91,20.11.28,33375,504,5504,27349.0,522
20.11.27,8317,204,1865,6364.0,64.0,88,20.11.27,32887,569,5268,27103.0,516
20.11.26,8113,213,1725,6300.0,42.0,88,20.11.26,32318,583,4853,26950.0,515
20.11.25,7900,142,1555,6258.0,23.0,87,20.11.25,31735,382,4397,26825.0,513
20.11.24,7758,133,1436,6235.0,63.0,87,20.11.24,31353,349,4121,26722.0,510
20.11.23,7625,112,1367,6172.0,1.0,86,20.11.23,31004,271,3956,26539.0,509
20.11.22,7513,121,1257,6171.0,35.0,85,20.11.22,30733,330,3762,26466.0,505
20.11.21,7392,156,1171,6136.0,27.0,85,20.11.21,30403,386,3535,26365.0,503
20.11.20,7236,132,1043,6109.0,97.0,84,20.11.20,30017,363,3253,26263.0,501
20.11.19,7104,109,1009,6012.0,44.0,83,20.11.19,29654,343,3058,26098.0,498
20.11.18,6995,92,945,5968.0,45.0,82,20.11.18,29311,313,2842,25973.0,496
20.11.17,6903,90,899,5923.0,38.0,81,20.11.17,28998,230,2644,25860.0,494
20.11.16,6814,81,848,5885.0,11.0,81,20.11.16,28769,223,2516,25759.0,494
20.11.15,6733,85,778,5874.0,21.0,81,20.11.15,28546,208,2362,25691.0,493
20.11.14,6648,69,715,5853.0,28.0,80,20.11.14,28338,205,2210,25636.0,492
20.11.13,6579,74,674,5826.0,50.0,79,20.11.13,28133,191,2108,25537.0,488
20.11.12,6505,53,650,5776.0,41.0,79,20.11.12,27942,143,2051,25404.0,487
20.11.11,6452,45,638,5735.0,32.0,79,20.11.11,27799,146,2046,25266.0,487
20.11.10,6407,35,625,5703.0,30.0,79,20.11.10,27653,100,2008,25160.0,485
20.11.09,6372,46,621,5673.0,23.0,78,20.11.09,27553,126,2044,25029.0,480
20.11.08,6326,54,598,5650.0,11.0,78,20.11.08,27427,143,1981,24968.0,478
20.11.07,6272,37,555,5639.0,12.0,78,20.11.07,27284,89,1897,24910.0,477
20.11.06,6235,40,530,5627.0,21.0,78,20.11.06,27195,145,1898,24821.0,476
20.11.05,6195,50,511,5606.0,34.0,78,20.11.05,27050,125,1840,24735.0,475
20.11.04,6145,42,495,5572.0,27.0,78,20.11.04,26925,118,1835,24616.0,474
20.11.03,6103,22,480,5545.0,45.0,78,20.11.03,26807,75,1825,24510.0,472
20.11.02,6081,25,503,5500.0,4.0,78,20.11.02,26732,97,1869,24395.0,468
20.11.01,6056,45,482,5496.0,1.0,78,20.11.01,26635,124,1812,24357.0,466
20.10.31,6011,52,438,5495.0,20.0,78,20.10.31,26511,127,1736,24311.0,464
20.10.30,5960,48,407,5475.0,13.0,78,20.10.30,26385,114,1695,24227.0,463
20.10.29,5912,36,372,5462.0,28.0,78,20.10.29,26271,125,1641,24168.0,462
20.10.28,5876,25,365,5434.0,40.0,77,20.10.28,26146,103,1612,24073.0,461
20.10.27,5851,24,381,5394.0,18.0,76,20.10.27,26043,88,1602,23981.0,460
20.10.26,5827,20,385,5368.0,18.0,74,20.10.26,25955,119,1593,23905.0,457
20.10.25,5807,17,383,5350.0,0.0,74,20.10.25,25836,61,1510,23869.0,457
20.10.24,5790,22,366,5350.0,46.0,74,20.10.24,25775,77,1484,23834.0,457
20.10.23,5768,20,390,5304.0,21.0,74,20.10.23,25698,155,1526,23717.0,455
20.10.22,5748,18,391,5283.0,15.0,74,20.10.22,25543,121,1443,23647.0,453
20.10.21,5730,17,391,5268.0,51.0,71,20.10.21,25424,91,1390,23584.0,450
20.10.20,5713,11,427,5217.0,56.0,69,20.10.20,25333,58,1420,23466.0,447
20.10.19,5702,14,472,5161.0,29.0,69,20.10.19,25275,76,1463,23368.0,444
20.10.18,5688,20,487,5132.0,13.0,69,20.10.18,25199,91,1443,23312.0,444
20.10.17,5668,18,481,5119.0,29.0,68,20.10.17,25108,73,1407,23258.0,443
20.10.16,5650,18,492,5091.0,36.0,67,20.10.16,25035,47,1414,23180.0,441
20.10.15,5632,25,511,5055.0,5.0,66,20.10.15,24988,110,1467,23082.0,439
20.10.14,5607,23,491,5050.0,85.0,66,20.10.14,24889,84,1421,23030.0,438
20.10.13,5584,20,554,4965.0,71.0,65,20.10.13,24805,102,1508,22863.0,434
20.10.12,5564,31,606,4894.0,16.0,64,20.10.12,24703,97,1541,22729.0,433
20.10.11,5533,23,591,4878.0,31.0,64,20.10.11,24606,58,1481,22693.0,432
20.10.10,5510,25,600,4847.0,1.0,63,20.10.10,24548,72,1494,22624.0,430
20.10.09,5485,22,577,4846.0,37.0,62,20.10.09,24476,54,1479,22569.0,428
20.10.08,5463,20,592,4809.0,73.0,62,20.10.08,24422,69,1532,22463.0,427
20.10.07,5443,33,646,4736.0,152.0,61,20.10.07,24353,114,1594,22334.0,425
20.10.06,5410,15,765,4584.0,109.0,61,20.10.06,24239,75,1734,22083.0,422
20.10.05,5395,19,859,4475.0,9.0,61,20.10.05,24164,73,1856,21886.0,422
20.10.04,5376,16,850,4466.0,10.0,60,20.10.04,24091,64,1825,21845.0,421
20.10.03,5360,26,845,4456.0,11.0,59,20.10.03,24027,75,1820,21787.0,420
20.10.02,5334,11,832,4445.0,12.0,57,20.10.02,23952,63,1803,21733.0,416
20.10.01,5323,30,833,4433.0,18.0,57,20.10.01,23889,77,1808,21666.0,415
20.09.30,5293,51,822,4415.0,14.0,56,20.09.30,23812,113,1809,21590.0,413
20.09.29,5242,11,787,4401.0,75.0,54,20.09.29,23699,38,1822,21470.0,407
20.09.28,5231,19,847,4330.0,4.0,54,20.09.28,23661,50,1963,21292.0,406
20.09.27,5212,34,833,4326.0,10.0,53,20.09.27,23611,95,1962,21248.0,401
20.09.26,5178,26,809,4316.0,89.0,53,20.09.26,23516,61,1451,21666.0,399
20.09.25,5152,57,872,4228.0,55.0,52,20.09.25,23455,114,2082,20978.0,395
20.09.24,5095,39,872,4173.0,63.0,50,20.09.24,23341,125,2116,20832.0,393
20.09.23,5056,40,897,4110.0,76.0,49,20.09.23,23216,110,2178,20650.0,388
20.09.22,5016,21,933,4034.0,49.0,49,20.09.22,23106,61,2277,20441.0,388
20.09.21,4995,23,962,3985.0,24.0,48,20.09.21,23045,70,2412,20248.0,385
20.09.20,4972,28,964,3961.0,73.0,47,20.09.20,22975,82,2434,20158.0,383
20.09.19,4944,40,1010,3888.0,47.0,46,20.09.19,22893,110,2545,19970.0,378
20.09.18,4904,46,1017,3841.0,93.0,46,20.09.18,22783,126,2635,19771.0,377
20.09.17,4857,63,1066,3748.0,54.0,43,20.09.17,22657,153,2742,19543.0,372
20.09.16,4794,51,1058,3694.0,201.0,42,20.09.16,22504,113,2827,19310.0,367
20.09.15,4743,32,1208,3493.0,217.0,42,20.09.15,22391,106,3146,18878.0,367
20.09.14,4711,41,1395,3276.0,164.0,40,20.09.14,22285,109,3433,18489.0,363
20.09.13,4670,31,1520,3112.0,41.0,38,20.09.13,22176,121,3592,18226.0,358
20.09.12,4639,50,1533,3071.0,234.0,35,20.09.12,22055,136,3671,18029.0,355
20.09.11,4589,63,1718,2837.0,75.0,34,20.09.11,21919,176,3953,17616.0,350
20.09.10,4526,48,1732,2762.0,119.0,32,20.09.10,21743,155,4037,17360.0,346
20.09.09,4478,49,1803,2643.0,206.0,32,20.09.09,21588,156,4221,17023.0,344
20.09.08,4429,67,1960,2437.0,171.0,32,20.09.08,21432,136,4455,16636.0,341
20.09.07,4362,48,2068,2266.0,41.0,28,20.09.07,21296,119,4663,16297.0,336
20.09.06,4314,63,2063,2225.0,5.0,26,20.09.06,21177,167,4697,16146.0,334
20.09.05,4251,51,2006,2220.0,45.0,25,20.09.05,21010,168,4668,16009.0,333
20.09.04,4201,68,2001,2176.0,65.0,24,20.09.04,20842,198,4728,15783.0,331
20.09.03,4131,69,1996,2111.0,63.0,24,20.09.03,20644,195,4786,15529.0,329
20.09.02,4062,101,1990,2048.0,47.0,24,20.09.02,20449,267,4767,15356.0,326
20.09.01,3961,94,1937,2001.0,112.0,23,20.09.01,20182,235,4660,15198.0,324
20.08.31,3867,94,1945,1899.0,11.0,23,20.08.31,19947,248,4650,14973.0,324
20.08.30,3773,116,1863,1888.0,1.0,22,20.08.30,19699,299,4473,14903.0,323
20.08.29,3657,125,1750,1887.0,125.0,20,20.08.29,19400,323,4314,14765.0,321
20.08.28,3532,146,1751,1762.0,29.0,19,20.08.28,19077,371,4210,14551.0,316
20.08.27,3386,154,1636,1733.0,34.0,17,20.08.27,18706,441,3932,14461.0,313
20.08.26,3232,112,1516,1699.0,28.0,17,20.08.26,18265,320,3585,14368.0,312
20.08.25,3120,134,1433,1671.0,32.0,16,20.08.25,17945,280,3349,14286.0,310
20.08.24,2986,97,1331,1639.0,0.0,16,20.08.24,17665,266,3137,14219.0,309
20.08.23,2889,140,1234,1639.0,0.0,16,20.08.23,17399,397,2890,14200.0,309
20.08.22,2749,128,1094,1639.0,17.0,16,20.08.22,17002,332,2524,14169.0,309
20.08.21,2621,126,983,1622.0,21.0,16,20.08.21,16670,324,2241,14120.0,309
20.08.20,2495,135,879,1601.0,13.0,15,20.08.20,16346,288,1976,14063.0,307
20.08.19,2360,151,758,1588.0,15.0,14,20.08.19,16058,297,1746,14006.0,306
20.08.18,2209,132,622,1573.0,2.0,14,20.08.18,15761,246,1521,13934.0,306
20.08.17,2077,90,493,1571.0,0.0,13,20.08.17,15515,197,1293,13917.0,305
20.08.16,1987,146,403,1571.0,0.0,13,20.08.16,15318,279,1103,13910.0,305
20.08.15,1841,74,257,1571.0,7.0,13,20.08.15,15039,166,833,13901.0,305
20.08.14,1767,32,190,1564.0,8.0,13,20.08.14,14873,103,705,13863.0,305
20.08.13,1735,26,166,1556.0,7.0,13,20.08.13,14770,56,648,13817.0,305
20.08.12,1709,15,147,1549.0,15.0,13,20.08.12,14714,54,623,13786.0,305
20.08.11,1694,6,147,1534.0,18.0,13,20.08.11,14660,34,626,13729.0,305
20.08.10,1688,13,159,1516.0,1.0,13,20.08.10,14626,28,663,13658.0,305
20.08.09,1675,13,147,1515.0,1.0,13,20.08.09,14598,36,651,13642.0,305
20.08.08,1662,17,135,1514.0,12.0,13,20.08.08,14562,43,629,13629.0,304
20.08.07,1645,9,130,1502.0,15.0,13,20.08.07,14519,20,673,13543.0,303
20.08.06,1636,9,136,1488.0,13.0,12,20.08.06,14499,43,697,13500.0,302
20.08.05,1627,6,140,1475.0,12.0,12,20.08.05,14456,33,748,13406.0,302
20.08.04,1621,9,147,1463.0,14.0,11,20.08.04,14423,34,770,13352.0,301
20.08.03,1612,5,152,1449.0,7.0,11,20.08.03,14389,23,808,13280.0,301
20.08.02,1607,5,154,1442.0,8.0,11,20.08.02,14366,30,806,13259.0,301
20.08.01,1602,2,157,1434.0,10.0,11,20.08.01,14336,31,802,13233.0,301
20.07.31,1600,8,165,1424.0,7.0,11,20.07.31,14305,36,821,13183.0,301
20.07.30,1592,3,164,1417.0,7.0,11,20.07.30,14269,18,837,13132.0,300
20.07.29,1589,9,168,1410.0,10.0,11,20.07.29,14251,48,882,13069.0,300
20.07.28,1580,6,169,1400.0,16.0,11,20.07.28,14203,28,896,13007.0,300
20.07.27,1574,9,179,1384.0,1.0,11,20.07.27,14175,25,971,12905.0,299
20.07.26,1565,7,171,1383.0,2.0,11,20.07.26,14150,58,962,12890.0,298
20.07.25,1558,11,166,1381.0,13.0,11,20.07.25,14092,113,928,12866.0,298
20.07.24,1547,21,168,1368.0,7.0,11,20.07.24,13979,41,864,12817.0,298
20.07.23,1526,12,154,1361.0,15.0,11,20.07.23,13938,59,883,12758.0,297
20.07.22,1514,16,157,1346.0,6.0,11,20.07.22,13879,63,884,12698.0,297
20.07.21,1498,21,148,1340.0,18.0,10,20.07.21,13816,45,877,12643.0,296
20.07.20,1477,3,145,1322.0,2.0,10,20.07.20,13771,26,903,12572.0,296
20.07.19,1474,10,144,1320.0,2.0,10,20.07.19,13745,34,894,12556.0,295
20.07.18,1464,6,137,1318.0,18.0,9,20.07.18,13711,60,898,12519.0,294
20.07.17,1458,9,149,1300.0,14.0,9,20.07.17,13672,60,919,12460.0,293
20.07.16,1449,7,154,1286.0,11.0,9,20.07.16,13612,61,925,12396.0,291
20.07.15,1442,6,158,1275.0,31.0,9,20.07.15,13551,39,914,12348.0,289
20.07.14,1436,7,183,1244.0,27.0,9,20.07.14,13512,33,941,12282.0,289
20.07.13,1429,13,203,1217.0,8.0,9,20.07.13,13479,62,986,12204.0,289
20.07.12,1416,7,198,1209.0,11.0,9,20.07.12,13417,44,951,12178.0,288
20.07.11,1409,8,202,1198.0,16.0,9,20.07.11,13373,35,941,12144.0,288
20.07.10,1401,8,210,1182.0,11.0,9,20.07.10,13338,45,985,12065.0,288
20.07.09,1393,8,213,1171.0,11.0,9,20.07.09,13293,50,987,12019.0,287
20.07.08,1385,10,216,1160.0,16.0,9,20.07.08,13244,63,989,11970.0,285
20.07.07,1375,3,223,1144.0,34.0,8,20.07.07,13181,44,982,11914.0,285
20.07.06,1372,3,254,1110.0,5.0,8,20.07.06,13127,48,1005,11838.0,284
20.07.05,1369,16,256,1105.0,2.0,8,20.07.05,13091,61,976,11832.0,283
20.07.04,1353,7,242,1103.0,18.0,8,20.07.04,13030,63,936,11811.0,283
20.07.03,1346,12,254,1085.0,31.0,7,20.07.03,12967,63,926,11759.0,282
20.07.02,1334,13,273,1054.0,28.0,7,20.07.02,12904,54,938,11684.0,282
20.07.01,1321,9,288,1026.0,41.0,7,20.07.01,12850,51,955,11613.0,282
20.06.30,1312,7,320,985.0,43.0,7,20.06.30,12800,43,981,11537.0,282
20.06.29,1305,7,356,942.0,19.0,7,20.06.29,12757,42,1046,11429.0,282
20.06.28,1298,14,368,923.0,12.0,7,20.06.28,12715,63,1069,11364.0,282
20.06.27,1284,17,366,911.0,68.0,7,20.06.27,12653,51,1054,11317.0,282
20.06.26,1267,17,417,843.0,82.0,7,20.06.26,12602,39,1148,11172.0,282
20.06.25,1250,9,482,761.0,14.0,7,20.06.25,12563,28,1307,10974.0,282
20.06.24,1241,11,488,747.0,4.0,6,20.06.24,12535,51,1324,10930.0,281
20.06.23,1230,6,481,743.0,10.0,6,20.06.23,12484,46,1295,10908.0,281
20.06.22,1224,5,485,733.0,0.0,6,20.06.22,12438,17,1277,10881.0,280
20.06.21,1219,17,480,733.0,3.0,6,20.06.21,12421,48,1285,10856.0,280
20.06.20,1202,14,466,730.0,6.0,6,20.06.20,12373,67,1237,10856.0,280
20.06.19,1188,18,458,724.0,6.0,6,20.06.19,12306,49,1191,10835.0,280
20.06.18,1170,25,446,718.0,8.0,6,20.06.18,12257,59,1177,10800.0,280
20.06.17,1145,13,430,710.0,7.0,5,20.06.17,12198,43,1145,10774.0,279
20.06.16,1132,12,425,703.0,14.0,4,20.06.16,12155,34,1117,10760.0,278
20.06.15,1120,7,427,689.0,0.0,4,20.06.15,12121,37,1114,10730.0,277
20.06.14,1113,12,420,689.0,1.0,4,20.06.14,12085,34,1090,10718.0,277
20.06.13,1101,29,409,688.0,8.0,4,20.06.13,12051,49,1083,10691.0,277
20.06.12,1072,24,388,680.0,5.0,4,20.06.12,12003,56,1057,10669.0,277
20.06.11,1048,19,369,675.0,9.0,4,20.06.11,11947,45,1017,10654.0,276
20.06.10,1029,10,359,666.0,2.0,4,20.06.10,11902,50,1015,10611.0,276
20.06.09,1019,22,351,664.0,13.0,4,20.06.09,11852,38,989,10589.0,274
20.06.08,997,18,342,651.0,0.0,4,20.06.08,11814,38,978,10563.0,273
20.06.07,979,27,324,651.0,1.0,4,20.06.07,11776,57,951,10552.0,273
20.06.06,952,23,298,650.0,5.0,4,20.06.06,11719,51,915,10531.0,273
20.06.05,929,13,280,645.0,1.0,4,20.06.05,11668,39,889,10506.0,273
20.06.04,916,20,268,644.0,5.0,4,20.06.04,11629,39,857,10499.0,273
20.06.03,896,18,253,639.0,1.0,4,20.06.03,11590,49,850,10467.0,273
20.06.02,878,15,236,638.0,11.0,4,20.06.02,11541,38,823,10446.0,272
20.06.01,863,2,232,627.0,0.0,4,20.06.01,11503,35,810,10422.0,271
20.05.31,861,6,230,627.0,0.0,4,20.05.31,11468,27,793,10405.0,270
20.05.30,855,9,224,627.0,4.0,4,20.05.30,11441,39,774,10398.0,269
20.05.29,846,18,219,623.0,2.0,4,20.05.29,11402,58,770,10363.0,269
20.05.28,828,21,203,621.0,3.0,4,20.05.28,11344,79,735,10340.0,269
20.05.27,807,15,185,618.0,4.0,4,20.05.27,11265,40,701,10295.0,269
20.05.26,792,16,174,614.0,7.0,4,20.05.26,11225,19,681,10275.0,269
20.05.25,776,8,165,607.0,3.0,4,20.05.25,11206,16,713,10226.0,267
20.05.24,768,6,160,604.0,0.0,4,20.05.24,11190,25,711,10213.0,266
20.05.23,762,3,154,604.0,5.0,4,20.05.23,11165,23,705,10194.0,266
20.05.22,759,3,156,599.0,3.0,4,20.05.22,11142,20,716,10162.0,264
20.05.21,756,3,156,596.0,4.0,4,20.05.21,11122,12,723,10135.0,264
20.05.20,753,3,157,592.0,5.0,4,20.05.20,11110,32,781,10066.0,263
20.05.19,750,14,159,587.0,8.0,4,20.05.19,11078,13,877,9938.0,263
20.05.18,736,1,153,579.0,4.0,4,20.05.18,11065,15,898,9904.0,263
20.05.17,735,4,156,575.0,1.0,4,20.05.17,11050,19,900,9888.0,262
20.05.16,731,6,153,574.0,5.0,4,20.05.16,11037,19,924,9851.0,262
20.05.15,725,11,152,569.0,5.0,4,20.05.15,11018,27,937,9821.0,260
20.05.14,714,6,146,564.0,6.0,4,20.05.14,10991,29,969,9762.0,260
20.05.13,708,5,147,558.0,5.0,3,20.05.13,10962,26,1008,9695.0,259
20.05.12,703,13,147,554.0,7.0,2,20.05.12,10936,27,1008,9670.0,258
20.05.11,690,21,141,547.0,6.0,2,20.05.11,10909,35,1021,9632.0,256
20.05.10,669,11,126,541.0,5.0,2,20.05.10,10874,34,1008,9610.0,256
20.05.09,658,10,120,536.0,16.0,2,20.05.09,10840,18,1016,9568.0,256
20.05.08,648,11,126,520.0,12.0,2,20.05.08,10822,12,1082,9484.0,256
20.05.07,637,0,127,508.0,14.0,2,20.05.07,10810,4,1135,9419.0,256
20.05.06,637,0,141,494.0,5.0,2,20.05.06,10806,2,1218,9333.0,255
20.05.05,637,0,146,489.0,8.0,2,20.05.05,10804,3,1267,9283.0,254
20.05.04,637,0,154,481.0,8.0,2,20.05.04,10801,8,1332,9217.0,252
20.05.03,637,2,162,473.0,10.0,2,20.05.03,10793,13,1360,9183.0,250
20.05.02,635,1,170,463.0,8.0,2,20.05.02,10780,6,1407,9123.0,250
20.05.01,634,1,177,455.0,2.0,2,20.05.01,10774,9,1454,9072.0,248
20.04.30,633,0,178,453.0,16.0,2,20.04.30,10765,4,1459,9059.0,247
20.04.29,633,0,194,437.0,10.0,2,20.04.29,10761,9,1593,8922.0,246
20.04.28,633,4,204,427.0,34.0,2,20.04.28,10752,14,1654,8854.0,244
20.04.27,629,0,234,393.0,5.0,2,20.04.27,10738,10,1731,8764.0,243
20.04.26,629,0,239,388.0,5.0,2,20.04.26,10728,10,1769,8717.0,242
20.04.25,629,1,244,383.0,21.0,2,20.04.25,10718,10,1843,8635.0,240
20.04.24,628,0,264,362.0,20.0,2,20.04.24,10708,6,1967,8501.0,240
20.04.23,628,0,284,342.0,20.0,2,20.04.23,10702,8,2051,8411.0,240
20.04.22,628,2,304,322.0,7.0,2,20.04.22,10694,11,2179,8277.0,238
20.04.21,626,0,309,315.0,0.0,2,20.04.21,10683,0,2233,8213.0,237
20.04.20,624,0,318,304.0,0.0,2,20.04.20,10674,0,2324,8114.0,236
20.04.19,624,0,334,288.0,0.0,2,20.04.19,10661,0,2385,8042.0,234
20.04.18,623,0,347,274.0,0.0,2,20.04.18,10653,0,2484,7937.0,232
20.04.17,621,0,351,268.0,0.0,2,20.04.17,10635,0,2576,7829.0,230
20.04.16,619,0,367,250.0,0.0,2,20.04.16,10613,0,2627,7757.0,229
20.04.15,619,0,378,239.0,0.0,2,20.04.15,10591,0,2750,7616.0,225
20.04.14,613,0,383,228.0,0.0,2,20.04.14,10564,0,2808,7534.0,222
20.04.13,610,0,394,214.0,0.0,2,20.04.13,10537,0,2873,7447.0,217
20.04.12,602,0,398,202.0,0.0,2,20.04.12,10512,0,2930,7368.0,214
20.04.11,600,0,403,195.0,0.0,2,20.04.11,10480,0,3026,7243.0,211
20.04.10,597,0,410,185.0,0.0,2,20.04.10,10450,0,3125,7117.0,208
20.04.09,592,0,416,174.0,0.0,2,20.04.09,10423,0,3246,6973.0,204
20.04.08,581,0,410,169.0,0.0,2,20.04.08,10384,0,3408,6776.0,200
20.04.07,571,0,407,164.0,0.0,0,20.04.07,10331,0,3445,6694.0,192
20.04.06,563,0,412,151.0,0.0,0,20.04.06,10284,0,3500,6598.0,186
20.04.05,558,0,413,145.0,0.0,0,20.04.05,10237,0,3591,6463.0,183
20.04.04,533,0,389,144.0,0.0,0,20.04.04,10156,0,3654,6325.0,177
20.04.03,513,0,382,131.0,0.0,0,20.04.03,10062,0,3867,6021.0,174
20.04.02,494,0,367,127.0,0.0,0,20.04.02,9976,0,3979,5828.0,169
20.04.01,478,0,361,117.0,0.0,0,20.04.01,9887,0,4155,5567.0,165
20.03.31,454,0,347,107.0,0.0,0,20.03.31,9786,0,4216,5408.0,162
20.03.30,434,0,342,92.0,0.0,0,20.03.30,9661,0,4215,5288.0,158
20.03.29,413,0,320,93.0,0.0,0,20.03.29,9583,0,4398,5033.0,152
20.03.28,391,0,298,93.0,0.0,0,20.03.28,9478,0,4523,4811.0,144
20.03.27,376,0,288,88.0,0.0,0,20.03.27,9332,0,4665,4528.0,139
20.03.26,361,0,280,81.0,0.0,0,20.03.26,9241,0,4966,4144.0,131
20.03.25,347,0,275,72.0,0.0,0,20.03.25,9137,0,5281,3730.0,126
20.03.24,334,0,262,72.0,0.0,0,20.03.24,9037,0,5410,3507.0,120
20.03.23,330,0,266,64.0,0.0,0,20.03.23,8961,0,5684,3166.0,111
20.03.22,324,0,260,64.0,0.0,0,20.03.22,8897,0,5884,2909.0,104
20.03.21,314,0,250,64.0,0.0,0,20.03.21,8799,0,6085,2612.0,102
20.03.20,299,0,235,64.0,0.0,0,20.03.20,8652,0,6325,2233.0,94
20.03.19,282,0,224,58.0,0.0,0,20.03.19,8565,0,6527,1947.0,91
20.03.18,270,0,215,55.0,0.0,0,20.03.18,8413,0,6789,1540.0,84
20.03.17,267,0,212,55.0,0.0,0,20.03.17,8320,0,6838,1401.0,81
20.03.16,254,0,202,52.0,0.0,0,20.03.16,8236,0,7024,1137.0,75
20.03.15,248,0,201,47.0,0.0,0,20.03.15,8162,0,7253,834.0,75
20.03.14,240,0,196,44.0,0.0,0,20.03.14,8086,0,7300,714.0,72
20.03.13,231,0,191,40.0,0.0,0,20.03.13,7979,0,7402,510.0,67
20.03.12,219,0,181,38.0,0.0,0,20.03.12,7869,0,7470,333.0,66
20.03.11,205,0,168,37.0,0.0,0,20.03.11,7755,0,7407,288.0,60
20.03.10,156,0,126,30.0,0.0,0,20.03.10,7513,0,7212,247.0,54
20.03.09,130,0,101,29.0,0.0,0,20.03.09,7382,0,7165,166.0,51
20.03.08,120,0,92,28.0,0.0,0,20.03.08,7134,0,6954,130.0,50
20.03.07,114,0,88,26.0,0.0,0,20.03.07,6767,0,6605,118.0,44
20.03.06,106,0,80,26.0,0.0,0,20.03.06,6284,0,6134,108.0,42
20.03.05,105,0,79,26.0,0.0,0,20.03.05,5766,0,5643,88.0,35
20.03.04,99,0,73,26.0,0.0,0,20.03.04,5328,0,5255,41.0,32
20.03.03,98,0,82,16.0,0.0,0,20.03.03,4812,0,4750,34.0,28
20.03.02,92,0,92,0.0,0.0,0,20.03.02,4212,0,4159,31.0,22
20.03.01,86,0,86,0.0,0.0,0,20.03.01,3736,0,3688,30.0,18
20.02.29,77,0,77,0.0,0.0,0,20.02.29,3150,0,3105,28.0,17
20.02.28,65,0,65,0.0,0.0,0,20.02.28,2337,0,2297,27.0,13
20.02.27,59,0,59,0.0,0.0,0,20.02.27,1766,0,1727,26.0,13
20.02.26,49,0,49,0.0,0.0,0,20.02.26,1261,0,1225,24.0,12
20.02.25,44,0,44,0.0,0.0,0,20.02.25,1146,0,1113,22.0,11
20.02.24,31,0,31,0.0,0.0,0,20.02.24,833,0,804,22.0,7
20.02.23,25,0,25,0.0,0.0,0,20.02.23,602,0,579,18.0,5
20.02.22,24,0,24,0.0,0.0,0,20.02.22,433,0,413,18.0,2
20.02.21,18,0,18,0.0,0.0,0,20.02.21,204,0,186,17.0,1
20.02.20,15,0,15,0.0,0.0,0,20.02.20,104,0,87,16.0,1
20.02.19,13,0,13,0.0,0.0,0,20.02.19,82,0,66,16.0,0
20.02.18,12,0,12,0.0,0.0,0,20.02.18,31,0,19,12.0,0
20.02.17,12,0,12,0.0,0.0,0,20.02.17,30,0,20,10.0,0
20.02.16,11,0,11,0.0,0.0,0,20.02.16,29,0,20,9.0,0
20.02.15,10,0,10,0.0,0.0,0,20.02.15,28,0,19,9.0,0
20.02.14,10,0,10,0.0,0.0,0,20.02.14,28,0,21,7.0,0
20.02.13,10,0,10,0.0,0.0,0,20.02.13,28,0,21,7.0,0
20.02.12,10,0,10,0.0,0.0,0,20.02.12,28,0,21,7.0,0
20.02.11,10,0,10,0.0,0.0,0,20.02.11,28,0,24,4.0,0
20.02.10,10,0,10,0.0,0.0,0,20.02.10,27,0,24,3.0,0
20.02.09,10,0,10,0.0,0.0,0,20.02.09,27,0,24,3.0,0
20.02.08,10,0,10,0.0,0.0,0,20.02.08,24,0,22,2.0,0
20.02.07,10,0,10,0.0,0.0,0,20.02.07,24,0,22,2.0,0
20.02.06,11,0,11,0.0,0.0,0,20.02.06,24,0,23,1.0,0
20.02.05,8,0,8,0.0,0.0,0,20.02.05,18,0,18,0.0,0
